[{"pk": 1, "model": "campeonato.campeonato", "fields": {"dataTermino": "2014-12-31", "dataInicio": "2014-04-19", "ativo": true, "nome": "Campeonato Teste"}}, {"pk": 2, "model": "campeonato.campeonato", "fields": {"dataTermino": "2014-04-13", "dataInicio": "2014-04-12", "ativo": true, "nome": "Copa do Mundo 2014"}}, {"pk": 1, "model": "campeonato.fase", "fields": {"campeonato": 1, "nome": "Fase \u00danica Campeonato Testes"}}, {"pk": 2, "model": "campeonato.fase", "fields": {"campeonato": 2, "nome": "Fase de Grupos"}}, {"pk": 3, "model": "campeonato.fase", "fields": {"campeonato": 2, "nome": "Oitavas de Final"}}, {"pk": 4, "model": "campeonato.fase", "fields": {"campeonato": 2, "nome": "Quartas de Final"}}, {"pk": 5, "model": "campeonato.fase", "fields": {"campeonato": 2, "nome": "Semi-Final"}}, {"pk": 6, "model": "campeonato.fase", "fields": {"campeonato": 2, "nome": "Decis\u00e3o 3\u00ba e 4\u00ba"}}, {"pk": 7, "model": "campeonato.fase", "fields": {"campeonato": 2, "nome": "Final"}}, {"pk": 1, "model": "campeonato.grupo", "fields": {"fase": 1, "nome": "Grupo \u00danico"}}, {"pk": 2, "model": "campeonato.grupo", "fields": {"fase": 2, "nome": "Grupo A"}}, {"pk": 3, "model": "campeonato.grupo", "fields": {"fase": 2, "nome": "Grupo B"}}, {"pk": 4, "model": "campeonato.grupo", "fields": {"fase": 2, "nome": "Grupo C"}}, {"pk": 5, "model": "campeonato.grupo", "fields": {"fase": 2, "nome": "Grupo D"}}, {"pk": 6, "model": "campeonato.grupo", "fields": {"fase": 2, "nome": "Grupo E"}}, {"pk": 7, "model": "campeonato.grupo", "fields": {"fase": 2, "nome": "Grupo F"}}, {"pk": 8, "model": "campeonato.grupo", "fields": {"fase": 2, "nome": "Grupo G"}}, {"pk": 9, "model": "campeonato.grupo", "fields": {"fase": 2, "nome": "Grupo H"}}, {"pk": 1, "model": "campeonato.rodada", "fields": {"grupo": 1, "nome": "1\u00aa Rodada"}}, {"pk": 1, "model": "campeonato.jogo", "fields": {"golsMandante": 0, "vermelhosVisitante": 0, "amarelosVisitante": 0, "equipeMandante": 1, "local": "", "rodada": 1, "equipeVisitante": 2, "realizado": false, "amarelosMandante": 0, "vermelhosMandante": 0, "identificacao": "Jogo 1", "golsVisitante": 0, "data": "2014-04-19T21:30:00Z"}}, {"pk": 2, "model": "campeonato.jogo", "fields": {"golsMandante": 0, "vermelhosVisitante": 0, "amarelosVisitante": 0, "equipeMandante": 3, "local": "", "rodada": 1, "equipeVisitante": 4, "realizado": false, "amarelosMandante": 0, "vermelhosMandante": 0, "identificacao": "Jogo 2", "golsVisitante": 0, "data": "2014-04-19T21:30:00Z"}}, {"pk": 3, "model": "campeonato.jogo", "fields": {"golsMandante": 0, "vermelhosVisitante": 0, "amarelosVisitante": 0, "equipeMandante": 5, "local": "", "rodada": 1, "equipeVisitante": 6, "realizado": false, "amarelosMandante": 0, "vermelhosMandante": 0, "identificacao": "Jogo 3", "golsVisitante": 0, "data": "2014-04-19T23:00:00Z"}}, {"pk": 4, "model": "campeonato.jogo", "fields": {"golsMandante": 0, "vermelhosVisitante": 0, "amarelosVisitante": 0, "equipeMandante": 7, "local": "", "rodada": 1, "equipeVisitante": 8, "realizado": false, "amarelosMandante": 0, "vermelhosMandante": 0, "identificacao": "Jogo 4", "golsVisitante": 0, "data": "2014-04-20T19:00:00Z"}}, {"pk": 5, "model": "campeonato.jogo", "fields": {"golsMandante": 0, "vermelhosVisitante": 0, "amarelosVisitante": 0, "equipeMandante": 9, "local": "", "rodada": 1, "equipeVisitante": 10, "realizado": false, "amarelosMandante": 0, "vermelhosMandante": 0, "identificacao": "Jogo 5", "golsVisitante": 0, "data": "2014-04-20T20:00:00Z"}}, {"pk": 6, "model": "campeonato.jogo", "fields": {"golsMandante": 0, "vermelhosVisitante": 0, "amarelosVisitante": 0, "equipeMandante": 11, "local": "", "rodada": 1, "equipeVisitante": 12, "realizado": false, "amarelosMandante": 0, "vermelhosMandante": 0, "identificacao": "Jogo 6", "golsVisitante": 0, "data": "2014-04-19T13:00:00Z"}}, {"pk": 7, "model": "campeonato.jogo", "fields": {"golsMandante": 0, "vermelhosVisitante": 0, "amarelosVisitante": 0, "equipeMandante": 13, "local": "", "rodada": 1, "equipeVisitante": 14, "realizado": false, "amarelosMandante": 0, "vermelhosMandante": 0, "identificacao": "Jogo 7", "golsVisitante": 0, "data": "2014-04-20T15:00:00Z"}}, {"pk": 8, "model": "campeonato.jogo", "fields": {"golsMandante": 0, "vermelhosVisitante": 0, "amarelosVisitante": 0, "equipeMandante": 15, "local": "", "rodada": 1, "equipeVisitante": 16, "realizado": false, "amarelosMandante": 0, "vermelhosMandante": 0, "identificacao": "Jogo 8", "golsVisitante": 0, "data": "2014-04-20T19:00:00Z"}}, {"pk": 9, "model": "campeonato.jogo", "fields": {"golsMandante": 0, "vermelhosVisitante": 0, "amarelosVisitante": 0, "equipeMandante": 17, "local": "", "rodada": 1, "equipeVisitante": 18, "realizado": false, "amarelosMandante": 0, "vermelhosMandante": 0, "identificacao": "Jogo 9", "golsVisitante": 0, "data": "2014-04-20T19:00:00Z"}}, {"pk": 10, "model": "campeonato.jogo", "fields": {"golsMandante": 0, "vermelhosVisitante": 0, "amarelosVisitante": 0, "equipeMandante": 19, "local": "", "rodada": 1, "equipeVisitante": 20, "realizado": false, "amarelosMandante": 0, "vermelhosMandante": 0, "identificacao": "Jogo 10", "golsVisitante": 0, "data": "2014-04-20T19:00:00Z"}}, {"pk": 1, "model": "campeonato.tabelagrupo", "fields": {"derrotas": 0, "empates": 0, "totalVermelhos": 0, "pontos": 0, "totalAmarelos": 0, "golsContra": 0, "golsPro": 0, "equipe": 1, "grupo": 1, "vitorias": 0, "saldoGols": 0}}, {"pk": 2, "model": "campeonato.tabelagrupo", "fields": {"derrotas": 0, "empates": 0, "totalVermelhos": 0, "pontos": 0, "totalAmarelos": 0, "golsContra": 0, "golsPro": 0, "equipe": 2, "grupo": 1, "vitorias": 0, "saldoGols": 0}}, {"pk": 3, "model": "campeonato.tabelagrupo", "fields": {"derrotas": 0, "empates": 0, "totalVermelhos": 0, "pontos": 0, "totalAmarelos": 0, "golsContra": 0, "golsPro": 0, "equipe": 3, "grupo": 1, "vitorias": 0, "saldoGols": 0}}, {"pk": 4, "model": "campeonato.tabelagrupo", "fields": {"derrotas": 0, "empates": 0, "totalVermelhos": 0, "pontos": 0, "totalAmarelos": 0, "golsContra": 0, "golsPro": 0, "equipe": 4, "grupo": 1, "vitorias": 0, "saldoGols": 0}}, {"pk": 5, "model": "campeonato.tabelagrupo", "fields": {"derrotas": 0, "empates": 0, "totalVermelhos": 0, "pontos": 0, "totalAmarelos": 0, "golsContra": 0, "golsPro": 0, "equipe": 5, "grupo": 1, "vitorias": 0, "saldoGols": 0}}, {"pk": 6, "model": "campeonato.tabelagrupo", "fields": {"derrotas": 0, "empates": 0, "totalVermelhos": 0, "pontos": 0, "totalAmarelos": 0, "golsContra": 0, "golsPro": 0, "equipe": 6, "grupo": 1, "vitorias": 0, "saldoGols": 0}}, {"pk": 7, "model": "campeonato.tabelagrupo", "fields": {"derrotas": 0, "empates": 0, "totalVermelhos": 0, "pontos": 0, "totalAmarelos": 0, "golsContra": 0, "golsPro": 0, "equipe": 7, "grupo": 1, "vitorias": 0, "saldoGols": 0}}, {"pk": 8, "model": "campeonato.tabelagrupo", "fields": {"derrotas": 0, "empates": 0, "totalVermelhos": 0, "pontos": 0, "totalAmarelos": 0, "golsContra": 0, "golsPro": 0, "equipe": 8, "grupo": 1, "vitorias": 0, "saldoGols": 0}}, {"pk": 9, "model": "campeonato.tabelagrupo", "fields": {"derrotas": 0, "empates": 0, "totalVermelhos": 0, "pontos": 0, "totalAmarelos": 0, "golsContra": 0, "golsPro": 0, "equipe": 9, "grupo": 1, "vitorias": 0, "saldoGols": 0}}, {"pk": 10, "model": "campeonato.tabelagrupo", "fields": {"derrotas": 0, "empates": 0, "totalVermelhos": 0, "pontos": 0, "totalAmarelos": 0, "golsContra": 0, "golsPro": 0, "equipe": 10, "grupo": 1, "vitorias": 0, "saldoGols": 0}}, {"pk": 11, "model": "campeonato.tabelagrupo", "fields": {"derrotas": 0, "empates": 0, "totalVermelhos": 0, "pontos": 0, "totalAmarelos": 0, "golsContra": 0, "golsPro": 0, "equipe": 11, "grupo": 1, "vitorias": 0, "saldoGols": 0}}, {"pk": 12, "model": "campeonato.tabelagrupo", "fields": {"derrotas": 0, "empates": 0, "totalVermelhos": 0, "pontos": 0, "totalAmarelos": 0, "golsContra": 0, "golsPro": 0, "equipe": 12, "grupo": 1, "vitorias": 0, "saldoGols": 0}}, {"pk": 13, "model": "campeonato.tabelagrupo", "fields": {"derrotas": 0, "empates": 0, "totalVermelhos": 0, "pontos": 0, "totalAmarelos": 0, "golsContra": 0, "golsPro": 0, "equipe": 13, "grupo": 1, "vitorias": 0, "saldoGols": 0}}, {"pk": 14, "model": "campeonato.tabelagrupo", "fields": {"derrotas": 0, "empates": 0, "totalVermelhos": 0, "pontos": 0, "totalAmarelos": 0, "golsContra": 0, "golsPro": 0, "equipe": 14, "grupo": 1, "vitorias": 0, "saldoGols": 0}}, {"pk": 15, "model": "campeonato.tabelagrupo", "fields": {"derrotas": 0, "empates": 0, "totalVermelhos": 0, "pontos": 0, "totalAmarelos": 0, "golsContra": 0, "golsPro": 0, "equipe": 15, "grupo": 1, "vitorias": 0, "saldoGols": 0}}, {"pk": 16, "model": "campeonato.tabelagrupo", "fields": {"derrotas": 0, "empates": 0, "totalVermelhos": 0, "pontos": 0, "totalAmarelos": 0, "golsContra": 0, "golsPro": 0, "equipe": 16, "grupo": 1, "vitorias": 0, "saldoGols": 0}}, {"pk": 17, "model": "campeonato.tabelagrupo", "fields": {"derrotas": 0, "empates": 0, "totalVermelhos": 0, "pontos": 0, "totalAmarelos": 0, "golsContra": 0, "golsPro": 0, "equipe": 17, "grupo": 1, "vitorias": 0, "saldoGols": 0}}, {"pk": 18, "model": "campeonato.tabelagrupo", "fields": {"derrotas": 0, "empates": 0, "totalVermelhos": 0, "pontos": 0, "totalAmarelos": 0, "golsContra": 0, "golsPro": 0, "equipe": 18, "grupo": 1, "vitorias": 0, "saldoGols": 0}}, {"pk": 19, "model": "campeonato.tabelagrupo", "fields": {"derrotas": 0, "empates": 0, "totalVermelhos": 0, "pontos": 0, "totalAmarelos": 0, "golsContra": 0, "golsPro": 0, "equipe": 19, "grupo": 1, "vitorias": 0, "saldoGols": 0}}, {"pk": 20, "model": "campeonato.tabelagrupo", "fields": {"derrotas": 0, "empates": 0, "totalVermelhos": 0, "pontos": 0, "totalAmarelos": 0, "golsContra": 0, "golsPro": 0, "equipe": 20, "grupo": 1, "vitorias": 0, "saldoGols": 0}}]